cao 0987654321 cao@gmail.com
duc 0987654321 duc@gmail.com
phuong 0987654325 phuong@gmail.com
giang 0987652564 giang@gmail.com
linh 0982646425 linh@gmail.com
oanh 0987654353 oanh@gmail.com
enh 0987643456 enh@gmail.com
van 098867566 van@gmail.com
tung 099674343 tung@gmail.com
sinh 098654635 sinh@gmail.com

